{"Jgbwv9I+BC6xICwu+z9rZw==":"0ee9b62b00847f213690a6db970f14bb-2000x1500.jpg","QA408Yx8S9luhQNj2csO4Q==":"ico2-inter04-2000x1502.jpg","peerLVKJ8H50WKWrxUDSVA==":"croatia4-2000x1174.jpg","+WvwOXDLknprVGQeTHEaIg==":"img-2000x1500.jpg","3+EoIgFdFnxnXMw0qDq9rg==":"img-1-2000x1500.jpg","FhQerWSA1Eg2qdC//djEBg==":"0ee9b62b00847f213690a6db970f14bb-1400x1050.jpg","GX6zeJGU+KKGO3Gx8hPKFQ==":"screen%20shot%202017-06-01%20at%2021-1400x577.png","W1GB+ohGC/HeWrfzHSJ1Hw==":"2045618b7b2416c4c829d98fe459049a652ac4f7e2e863d-1400x1967.png","/mNpmBeN9792dZKbIYaB/A==":"cdcd1-1400x1967.png","kfKb5pFDbAvh8DL5oTzCEQ==":"home-2000x634.jpg","513JoNMR3na+NEC3aJmCAA==":"1440x900-data_out_154_70110869-pretty-aircraft-wallpapers-2000x1250.jpg","e48LlXb7AL/cvjhKny97Lg==":"djwqm6w-2000x1165.jpg","amyrgJ9YZ/MIZuRYkcCuyg==":"wallpaper-2000x1250.jpg","5JQCxVltt79TBoJT58Ny+A==":"img-1400x1050.jpg","Lmo19MCESUOIXvEcdlXz5g==":"picture51-1400x1050.png","OxX0BJu/1AzbluPuPK5L+g==":"img-1-1400x1050.jpg","3BlX4sAzsahZRp9ebv2yEA==":"img-2-2000x1500.jpg","r1UXCVjik44nMncSBZMfJg==":"iconamet-128x128.png","rP8bdbeF9v0FKaNu0DaYIw==":"1-1400x911.png"}